Year,Semester,Instructor,Gender,Class,Course Average*,Reading Score,Reading Progress
2019,Winter,A,Male,Freshman,,,
2019,Winter,A,Male,Junior,,,
2019,Winter,A,Male,Sophomore,,,
2019,Winter,A,Male,Sophomore,,,
2019,Winter,A,Male,Freshman,,,
2019,Winter,A,Male,Sophomore,,,
2019,Winter,A,Female,Junior,,,
2019,Winter,A,Female,Sophomore,,,
2019,Winter,A,Female,Freshman,,,
2019,Winter,A,Female,Senior,,,
2019,Winter,A,Male,Freshman,,,
2019,Winter,A,Female,Freshman,,,
2019,Winter,A,Male,Senior,,,
2019,Winter,A,Male,Sophomore,,,
2019,Winter,A,Female,Sophomore,,,
2019,Winter,A,Male,Sophomore,,,
2019,Winter,A,Male,Freshman,,,
2019,Winter,A,Male,Sophomore,,,
2019,Winter,A,Female,Senior,,,
2019,Winter,A,Male,Freshman,,,
2019,Winter,A,Male,Freshman,,,
2019,Winter,A,Male,Freshman,,,
2019,Winter,A,Male,Junior,,,
2019,Winter,A,Male,Senior,,,
2019,Winter,A,Female,Junior,,,
2019,Winter,A,Male,Junior,,,
2019,Winter,A,Male,Senior,,,
2019,Winter,A,Male,Sophomore,,,
2019,Winter,A,Male,Junior,,,
2019,Winter,A,Female,Junior,,,
2019,Winter,A,Male,Freshman,,,
2019,Winter,A,Female,Freshman,,,
2019,Winter,A,Male,Freshman,,,
2019,Winter,A,Female,Freshman,,,
2019,Winter,A,Male,Junior,,,
2019,Winter,A,Male,Junior,,,
2019,Winter,A,Male,Sophomore,,,
2019,Winter,A,Male,Senior,,,
2019,Winter,A,Male,Freshman,,,
2019,Winter,A,Male,Sophomore,,,
2019,Winter,A,Female,Junior,,,
2019,Winter,A,Female,Sophomore,,,
2019,Winter,A,Male,Sophomore,,,
2019,Winter,A,Male,Sophomore,,,
2019,Winter,A,Male,Sophomore,,,
2019,Winter,A,Male,Sophomore,,,
2019,Winter,A,Male,Sophomore,,,
2019,Winter,A,Male,Freshman,,,
2019,Winter,A,Female,Freshman,,,
2019,Winter,A,Male,Sophomore,,,
2019,Winter,A,Male,Junior,,,
2019,Winter,A,Female,Freshman,,,
2019,Winter,A,Male,Freshman,,,
2019,Winter,A,Female,Sophomore,,,
2019,Winter,A,Male,Freshman,,,
2019,Winter,A,Male,Sophomore,,,
2019,Winter,A,Female,Sophomore,,,
2019,Winter,A,Male,Sophomore,,,
2019,Winter,A,Female,Sophomore,,,
2019,Winter,A,Male,Freshman,,,
2019,Winter,A,Male,Freshman,,,
2019,Winter,A,Male,Sophomore,,,
2019,Winter,A,Female,Freshman,,,
2019,Winter,A,Male,Freshman,,,
2019,Winter,A,Female,Freshman,,,
2019,Winter,A,Female,Freshman,,,
2019,Winter,A,Male,Freshman,,,
2019,Winter,A,Male,Freshman,,,
2019,Winter,A,Female,Freshman,,,
2019,Winter,A,Male,Freshman,,,
2019,Winter,A,Male,Freshman,,,
2019,Winter,A,Female,Senior,,,
2019,Winter,A,Female,Freshman,,,
2019,Winter,A,Male,Freshman,,,
2019,Winter,A,Male,Sophomore,,,
2019,Winter,A,Male,Junior,,,
2019,Winter,A,Female,Junior,,,
2019,Winter,A,Female,Freshman,,,
2019,Winter,B,Male,Freshman,0.92,0.7,1
2019,Winter,B,Female,Sophomore,0.9,0.8,0.96
2019,Winter,B,Female,Junior,0.92,0.69,1
2019,Winter,B,Male,Sophomore,0.6,0.48,0.63
2019,Winter,B,Male,Freshman,0.93,0.75,1
2019,Winter,B,Male,Freshman,0.93,0.72,1
2019,Winter,B,Female,Freshman,0.37,0.29,0.41
2019,Winter,B,Female,Freshman,0.43,0.26,0.49
2019,Winter,B,Female,Sophomore,0.86,0.68,0.93
2019,Winter,B,Female,Sophomore,0.68,0.51,0.74
2019,Winter,B,Male,Freshman,0.75,0.62,0.78
2019,Winter,B,Female,Freshman,0.9,0.61,1
2019,Winter,B,Male,Freshman,0.92,0.68,1
2019,Winter,B,Male,Freshman,0.28,0.17,0.33
2019,Winter,B,Female,Sophomore,0.87,0.49,1
2019,Winter,B,Male,Freshman,0.3,0.24,0.32
2019,Winter,B,Female,Freshman,0.95,0.84,1
2019,Winter,B,Female,Freshman,0.68,0.41,0.78
2019,Winter,B,Male,Freshman,0.86,0.64,0.93
2019,Winter,B,Male,Freshman,0.94,0.77,1
2019,Winter,B,Male,Freshman,0.36,0.28,0.37
2019,Winter,B,Male,Freshman,0.74,0.59,0.79
2019,Winter,B,Male,Freshman,0.92,0.71,1
2019,Winter,B,Male,Freshman,0.87,0.71,0.93
2019,Winter,B,Male,Sophomore,0.76,0.47,0.85
2019,Winter,B,Male,Freshman,,,
2019,Winter,B,Male,Freshman,0.25,0.21,0.26
2019,Winter,B,Male,Freshman,0.85,0.68,0.91
2019,Winter,B,Male,Freshman,0.91,0.7,0.96
2019,Winter,B,Male,Junior,0.34,0.2,0.37
2019,Winter,B,Female,Sophomore,0.93,0.79,0.98
2019,Winter,B,Female,Freshman,0.04,0.03,0.04
2019,Winter,B,Male,Freshman,0.96,0.84,1
2019,Winter,B,Male,Freshman,0.91,0.74,0.96
2019,Winter,B,Male,Freshman,0.84,0.71,0.89
2019,Winter,B,Female,Sophomore,0.82,0.54,0.93
2019,Winter,B,Male,Sophomore,0.89,0.68,0.96
2019,Winter,B,Male,Freshman,0.45,0.34,0.48
2019,Winter,B,Female,Senior,0.89,0.67,0.96
2019,Winter,B,Male,Freshman,0.08,0.06,0.07
2019,Winter,B,Female,Freshman,0.77,0.55,0.86
2019,Winter,B,Male,Freshman,0.92,0.84,0.96
2019,Winter,B,Male,Freshman,0.94,0.77,1
2019,Winter,B,Male,Junior,0.85,0.43,1
2019,Winter,B,Female,Freshman,0.74,0.55,0.83
2019,Winter,B,Male,Freshman,0.59,0.48,0.64
2019,Winter,B,Male,Sophomore,0.91,0.69,1
2019,Winter,B,Female,Freshman,0.63,0.38,0.7
2019,Winter,B,Male,Freshman,0.91,0.75,0.96
2019,Winter,B,Male,Freshman,0.67,0.51,0.74
2019,Winter,B,Male,Freshman,0.83,0.74,0.9
2019,Winter,B,Female,Freshman,0.92,0.7,1
2019,Winter,B,Female,Sophomore,0.79,0.6,0.85
2019,Winter,B,Male,Freshman,0.91,0.63,1
2019,Winter,B,Male,Freshman,0.81,0.54,0.9
2019,Winter,B,Male,Freshman,0.96,0.83,1
2019,Winter,B,Male,Freshman,0.79,0.61,0.87
2019,Winter,B,Male,Freshman,0.97,0.85,1
2019,Winter,B,Male,Sophomore,0.85,0.66,0.93
2019,Winter,B,Male,Freshman,0.89,0.54,1
2019,Winter,B,Male,Sophomore,0.29,0.16,0.3
2019,Winter,B,Male,Sophomore,0.92,0.77,0.96
2019,Winter,B,Male,Sophomore,0.89,0.72,0.96
2019,Winter,B,Male,Sophomore,0.86,0.61,0.95
2019,Winter,B,Male,Sophomore,0.63,0.52,0.67
2019,Winter,B,Male,Freshman,0.17,0.08,0.19
2019,Winter,B,Male,Sophomore,0.85,0.54,0.96
2019,Winter,B,Male,Sophomore,0.87,0.59,0.96
2019,Winter,B,Male,Sophomore,0.95,0.9,1
2019,Winter,B,Female,Freshman,0.59,0.38,0.68
2019,Winter,B,Female,Junior,0.94,0.75,1
2019,Winter,B,Male,Freshman,0.87,0.62,0.95
2019,Winter,B,Male,Freshman,0.9,0.71,0.96
2019,Winter,B,Female,Sophomore,0.92,0.7,1
2019,Winter,B,Male,Freshman,0.89,0.58,0.99
2019,Winter,B,Male,Freshman,0.88,0.73,0.93
2019,Winter,B,Male,Freshman,0.9,0.75,0.96
2019,Winter,B,Male,Senior,0,0,0
2019,Winter,B,Female,Freshman,0.93,0.75,1
2019,Winter,B,Male,Freshman,0.2,0.12,0.23
2019,Winter,B,Male,Freshman,0,0,0
2019,Winter,B,Male,Freshman,0.75,0.46,0.85
2019,Winter,B,Female,Junior,0.65,0.5,0.72
2019,Winter,B,Male,Freshman,0,0,0
2019,Winter,B,Male,Senior,0.89,0.73,0.95
2019,Winter,B,Male,Freshman,0.75,0.51,0.85
2019,Winter,B,Male,Sophomore,0.88,0.71,0.95
2019,Winter,B,Male,Senior,0.95,0.84,1
2019,Winter,B,Male,Freshman,0.89,0.62,1
2019,Winter,B,Male,Freshman,0.95,0.81,1
2019,Winter,B,Male,Freshman,0.83,0.62,0.92
2019,Winter,B,Female,Freshman,0.91,0.78,0.96
2019,Winter,B,Male,Freshman,0.75,0.57,0.81
2019,Winter,B,Male,Freshman,0.84,0.55,0.95
2019,Winter,B,Male,Sophomore,0.95,0.84,1
2019,Winter,B,Male,Junior,0.96,0.84,1
2019,Winter,B,Male,Freshman,0.72,0.59,0.79
2019,Winter,B,Male,Freshman,0.79,0.5,0.88
2019,Winter,B,Male,Freshman,0.94,0.86,0.96
2019,Winter,B,Female,Freshman,0.92,0.8,0.96
2019,Winter,B,Male,Sophomore,0.9,0.82,0.93
2019,Winter,B,Male,Freshman,0.93,0.75,1
2019,Winter,B,Female,Sophomore,0.9,0.69,0.96
2019,Winter,B,Male,Freshman,0.96,0.87,1
2019,Winter,B,Male,Freshman,0.96,0.85,1
2019,Winter,B,Female,Freshman,0.69,0.49,0.77
2019,Winter,B,Male,Freshman,0.44,0.33,0.48
2019,Winter,B,Female,Freshman,0.89,0.66,0.96
2019,Winter,B,Male,Freshman,0.95,0.81,1
2019,Winter,B,Female,Junior,0.33,0.2,0.37
2019,Winter,B,Female,Freshman,0.97,0.9,1
2019,Winter,B,Male,Freshman,0.33,0.22,0.38
2019,Winter,B,Male,Sophomore,0.47,0.36,0.52
2019,Winter,B,Male,Freshman,0.94,0.87,0.97
2019,Winter,B,Female,Freshman,0.88,0.56,1
2019,Winter,E,Male,Freshman,,,
2019,Winter,E,Male,Freshman,,,
2019,Winter,E,Male,Freshman,,,
2019,Winter,E,Male,Sophomore,,,
2019,Winter,E,Male,Senior,,,
2019,Winter,E,Female,Freshman,,,
2019,Winter,E,Female,Freshman,,,
2019,Winter,E,Female,Freshman,,,
2019,Winter,E,Male,Freshman,,,
2019,Winter,E,Male,Freshman,,,
2019,Winter,E,Female,Junior,,,
2019,Winter,E,Male,Freshman,,,
2019,Winter,E,Female,Sophomore,,,
2019,Winter,E,Male,Sophomore,,,
2019,Winter,E,Female,Sophomore,,,
2019,Winter,E,Female,Freshman,,,
2019,Winter,E,Male,Freshman,,,
2019,Winter,E,Male,Freshman,,,
2019,Winter,E,Female,Sophomore,,,
2019,Winter,E,Female,Sophomore,,,
2019,Winter,E,Female,Sophomore,,,
2019,Winter,E,Female,Sophomore,,,
2019,Winter,E,Female,Freshman,,,
2019,Winter,E,Female,Junior,,,
2019,Winter,E,Female,Junior,,,
2019,Winter,E,Male,Sophomore,,,
2019,Winter,E,Male,Freshman,,,
2019,Winter,E,Female,Senior,,,
2019,Winter,E,Male,Sophomore,,,
2019,Winter,E,Male,Freshman,,,
2019,Winter,E,Female,Freshman,,,
2019,Winter,E,Male,Freshman,,,
2019,Winter,E,Male,Freshman,,,
2019,Winter,E,Male,Freshman,,,
2019,Winter,E,Male,Freshman,,,
2019,Winter,E,Female,Freshman,,,
2019,Winter,E,Female,Sophomore,,,
2019,Winter,E,Male,Sophomore,,,
2019,Winter,E,Female,Freshman,,,
2019,Winter,E,Male,Sophomore,,,
2019,Winter,E,Female,Freshman,,,
2019,Winter,E,Male,Senior,,,
2019,Winter,E,Male,Junior,,,
2019,Winter,E,Male,Junior,,,
2019,Winter,E,Female,Freshman,,,
2019,Winter,E,Male,Freshman,,,
2019,Winter,E,Male,Sophomore,,,
2019,Winter,E,Male,Senior,,,
2019,Winter,E,Male,Freshman,,,
2019,Winter,E,Male,Freshman,,,
2019,Winter,E,Female,Sophomore,,,
2019,Winter,E,Female,Freshman,,,
2019,Winter,E,Male,Sophomore,,,
2019,Winter,E,Female,Sophomore,,,
2019,Winter,E,Male,Sophomore,,,
2019,Winter,E,Male,Freshman,,,
2019,Winter,E,Male,Senior,,,
2019,Winter,E,Female,Junior,,,
2019,Winter,E,Male,Freshman,,,
2019,Winter,E,Male,Senior,,,
2019,Winter,E,Male,Freshman,,,
2019,Winter,E,Male,Sophomore,,,
2019,Winter,E,Male,Freshman,,,
2019,Winter,E,Female,Freshman,,,
2019,Winter,E,Male,Freshman,,,
2019,Winter,E,Male,Sophomore,,,
2019,Winter,E,Male,Freshman,,,
2019,Winter,E,Female,Sophomore,,,
2019,Winter,E,Female,Freshman,,,
2019,Winter,E,Female,Freshman,,,
2019,Winter,E,Female,Sophomore,,,
2019,Winter,E,Female,Sophomore,,,
2019,Winter,E,Female,Freshman,,,
2019,Winter,E,Male,Freshman,,,
2019,Winter,E,Male,Freshman,,,
2019,Winter,E,Female,Sophomore,,,
2019,Winter,E,Male,Junior,,,
2019,Winter,E,Male,Freshman,,,
2019,Winter,E,Male,Freshman,,,
2019,Winter,E,Male,Freshman,,,
2019,Winter,E,Male,Sophomore,,,
2019,Winter,E,Female,Freshman,,,
2019,Winter,E,Male,Freshman,,,
2019,Winter,E,Male,Freshman,,,
2019,Winter,E,Male,Freshman,,,
2019,Winter,E,Female,Freshman,,,
2019,Winter,E,Female,Freshman,,,
2019,Winter,E,Female,Junior,,,
2019,Winter,E,Male,Freshman,,,
2019,Winter,E,Male,Sophomore,,,
2019,Winter,E,Male,Freshman,,,
2019,Winter,E,Female,Freshman,,,
2019,Winter,E,Female,Sophomore,,,
2019,Winter,E,Male,Junior,,,
2019,Winter,E,Male,Freshman,,,
2019,Winter,E,Male,Freshman,,,
2019,Winter,E,Female,Freshman,,,
2019,Winter,E,Female,Freshman,,,
2019,Winter,E,Female,Freshman,,,
2019,Winter,E,Female,Freshman,,,
2019,Winter,E,Male,Sophomore,,,
2019,Winter,E,Male,Freshman,,,
2019,Winter,E,Male,Freshman,,,
2019,Winter,E,Male,Non-Matriculating,,,
2019,Winter,E,Male,Non-Matriculating,,,
2019,Winter,E,Male,Sophomore,,,
2019,Winter,E,Male,Junior,,,
2019,Winter,E,Male,Freshman,,,
2019,Winter,E,Male,Freshman,,,
2019,Winter,A,Male,Junior,,,
2019,Winter,A,Male,Freshman,,,
2019,Winter,A,Female,Freshman,,,
2019,Winter,A,Male,Freshman,,,
2019,Winter,A,Female,Freshman,,,
2019,Winter,A,Male,Freshman,,,
2019,Winter,A,Female,Freshman,,,
2019,Winter,A,Female,Freshman,,,
2019,Winter,A,Male,Freshman,,,
2019,Winter,A,Male,Freshman,,,
2019,Winter,A,Male,Freshman,,,
2019,Winter,A,Male,Sophomore,,,
2019,Winter,A,Male,Junior,,,
2019,Winter,A,Male,Freshman,,,
2019,Winter,A,Female,Junior,,,
2019,Winter,A,Male,Sophomore,,,
2019,Winter,A,Male,Sophomore,,,
2019,Winter,A,Male,Freshman,,,
2019,Winter,A,Male,Freshman,,,
2019,Winter,A,Female,Freshman,,,
2019,Winter,A,Male,Freshman,,,
2019,Winter,A,Male,Freshman,,,
2019,Winter,A,Male,Freshman,,,
2019,Winter,A,Male,Freshman,,,
2019,Winter,A,Male,Freshman,,,
2019,Winter,A,Male,Sophomore,,,
2019,Winter,A,Male,Freshman,,,
2019,Winter,A,Female,Freshman,,,
2019,Winter,A,Male,Freshman,,,
2019,Winter,A,Male,Sophomore,,,
2019,Winter,A,Male,Freshman,,,
2019,Winter,A,Male,Freshman,,,
2019,Winter,A,Male,Sophomore,,,
2019,Winter,A,Female,Sophomore,,,
2019,Winter,A,Female,Freshman,,,
2019,Winter,A,Female,Sophomore,,,
2019,Winter,A,Female,Freshman,,,
2019,Winter,A,Male,Freshman,,,
2019,Winter,A,Female,Sophomore,,,
2019,Winter,A,Female,Freshman,,,
2019,Winter,A,Female,Senior,,,
2019,Winter,A,Male,Freshman,,,
2019,Winter,A,Male,Freshman,,,
2019,Winter,A,Female,Freshman,,,
2019,Winter,A,Male,Freshman,,,
2019,Winter,A,Female,Freshman,,,
2019,Winter,A,Female,Sophomore,,,
2019,Winter,A,Male,Freshman,,,
2019,Winter,A,Male,Freshman,,,
2019,Winter,A,Male,Freshman,,,
2019,Winter,A,Male,Senior,,,
2019,Winter,A,Female,Junior,,,
2019,Winter,A,Male,Sophomore,,,
2019,Winter,A,Female,Junior,,,
2019,Winter,A,Female,Sophomore,,,
2019,Winter,A,Male,Freshman,,,
2019,Winter,A,Male,Freshman,,,
2019,Winter,A,Male,Freshman,,,
2019,Winter,A,Female,Senior,,,
2019,Winter,A,Male,Freshman,,,
2019,Winter,A,Male,Freshman,,,
2019,Winter,A,Male,Freshman,,,
2019,Winter,A,Male,Freshman,,,
2019,Winter,A,Female,Freshman,,,
2019,Winter,A,Male,Freshman,,,
2019,Winter,A,Male,Freshman,,,
2019,Winter,A,Male,Freshman,,,
2019,Winter,A,Male,Freshman,,,
2019,Winter,A,Male,Sophomore,,,
2019,Winter,A,Male,Freshman,,,
2019,Winter,A,Male,Freshman,,,
2019,Winter,D,Female,Junior,,,
2019,Winter,D,Male,Freshman,,,
2019,Winter,D,Female,Junior,,,
2019,Winter,D,Male,Sophomore,,,
2019,Winter,D,Male,Junior,,,
2019,Winter,D,Male,Freshman,,,
2019,Winter,D,Male,Sophomore,,,
2019,Winter,D,Male,Junior,,,
2019,Winter,D,Male,Sophomore,,,
2019,Winter,D,Male,Freshman,,,
2019,Winter,D,Male,Freshman,,,
2019,Winter,D,Male,Freshman,,,
2019,Winter,D,Male,Freshman,,,
2019,Winter,D,Male,Freshman,,,
2019,Winter,D,Male,Senior,,,
2019,Winter,D,Male,Freshman,,,
2019,Winter,D,Female,Freshman,,,
2019,Winter,D,Male,Freshman,,,
2019,Winter,D,Male,Freshman,,,
2019,Winter,D,Female,Freshman,,,
2019,Winter,D,Male,Freshman,,,
2019,Winter,D,Male,Freshman,,,
2019,Winter,D,Male,Junior,,,
2019,Winter,D,Male,Freshman,,,
2019,Winter,D,Male,Sophomore,,,
2019,Winter,D,Male,Freshman,,,
2019,Winter,D,Female,Freshman,,,
2019,Winter,D,Female,Sophomore,,,
2019,Winter,D,Male,Junior,,,
2019,Winter,D,Male,Freshman,,,
2019,Winter,D,Female,Freshman,,,
2019,Winter,D,Female,Freshman,,,
2019,Winter,D,Male,Freshman,,,
2019,Winter,D,Female,Junior,,,
2019,Winter,D,Male,Non-Matriculating,,,
2019,Winter,D,Male,Freshman,,,
2019,Winter,D,Male,Sophomore,,,
2019,Winter,D,Male,Freshman,,,
2019,Winter,D,Male,Senior,,,
2019,Winter,D,Male,Junior,,,
2019,Winter,D,Male,Freshman,,,
2019,Winter,D,Male,Sophomore,,,
2019,Winter,D,Female,Sophomore,,,
2019,Winter,D,Male,Junior,,,
2019,Winter,D,Male,Junior,,,
2019,Winter,D,Male,Junior,,,
2019,Winter,D,Male,Freshman,,,
2019,Winter,D,Male,Junior,,,
2019,Winter,D,Male,Sophomore,,,
2019,Winter,D,Male,Freshman,,,
2019,Winter,D,Male,Junior,,,
2019,Winter,D,Female,Sophomore,,,
2019,Winter,D,Male,Freshman,,,
2019,Winter,D,Male,Freshman,,,
2019,Winter,D,Female,Senior,,,
2019,Winter,D,Female,Junior,,,
2019,Winter,D,Female,Junior,,,
2019,Winter,D,Male,Sophomore,,,
2019,Winter,D,Female,Sophomore,,,
2019,Winter,D,Male,Sophomore,,,
2019,Winter,D,Male,Freshman,,,
2019,Winter,D,Male,Sophomore,,,
2019,Winter,D,Male,Freshman,,,
2019,Winter,D,Male,Freshman,,,
2019,Winter,D,Male,Freshman,,,
2019,Winter,D,Male,Freshman,,,
2019,Winter,D,Male,Freshman,,,
2019,Winter,D,Male,Junior,,,
2019,Winter,D,Female,Senior,,,
2019,Winter,D,Female,Sophomore,,,
2019,Winter,D,Male,Sophomore,,,
2019,Winter,D,Male,Freshman,,,
2019,Winter,D,Female,Junior,,,
2019,Winter,D,Male,Freshman,,,
2019,Winter,D,Male,Junior,,,
2019,Winter,D,Male,Non-Matriculating,,,
2019,Winter,D,Male,Freshman,,,
2019,Winter,D,Female,Freshman,,,
2019,Winter,D,Male,Freshman,,,
2019,Winter,D,Male,Sophomore,,,
2019,Winter,D,Female,Freshman,,,
2019,Winter,D,Female,Sophomore,,,
2019,Winter,D,Female,Sophomore,,,
2019,Winter,D,Male,Freshman,,,
2019,Winter,D,Female,Sophomore,,,
2019,Winter,D,Male,Freshman,,,
2019,Winter,D,Female,Freshman,,,
2019,Winter,D,Male,Senior,,,
2019,Winter,D,Female,Sophomore,,,
2019,Winter,D,Female,Sophomore,,,
2019,Winter,D,Male,Freshman,,,
2019,Winter,D,Male,Freshman,,,
2019,Winter,D,Female,Freshman,,,
2019,Winter,D,Female,Sophomore,,,
2019,Winter,D,Male,Freshman,,,
2019,Winter,D,Female,Freshman,,,
2019,Winter,D,Male,Freshman,,,
2019,Winter,D,Male,Freshman,,,
2019,Winter,D,Male,Freshman,,,
2019,Winter,D,Female,Sophomore,,,
2019,Winter,D,Male,Junior,,,
2019,Winter,D,Male,Freshman,,,
2019,Winter,D,Male,Freshman,,,
2019,Winter,D,Male,Freshman,,,
2019,Winter,D,Male,Freshman,,,
2019,Winter,D,Female,Sophomore,,,
2019,Winter,D,Male,Senior,,,
2019,Winter,D,Female,Freshman,,,
2019,Winter,D,Male,Freshman,,,
2019,Winter,D,Male,Freshman,,,
2019,Winter,D,Female,Freshman,,,
2019,Winter,D,Female,Non-Matriculating,,,
2019,Winter,D,Male,Junior,,,
2019,Winter,D,Male,Freshman,,,
2019,Winter,D,#N/A,#N/A,,,
